Modelo,Intento,Goal,Plan_raw,Formato_valido,Cumple_goal,Plan_Valido,Errores,Comentarios,Tiempo
Llama2:7b,5,goal básico inicial ,"Se inventa la respuesta, no da un plan válido",N,N,N,"Se inventa acciones, no genera plan","Probado 15 veces, nunca plan válido",N/A
Deepseek-R1:7b,15,goal básico inicial ,"Genera plan con acciones inventadas, repite innecesarias",N,N,N,"Acciones inventadas, repite innecesarias","15 pruebas, siempre falla",N/A
Deepseek-R1:32b,1,goal básico inicial,(start_welcome tiago) ... (explain_painting guernica_ws),S,S,S,"Plan igual al PDDL original, válido",,N/A
Deepseek-R1:32b,2,goal básico inicial,(start_welcome tiago) ... (explain_painting guernica_ws),S,S,S,"Plan igual al PDDL original, válido",,N/A
Deepseek-R1:32b,1,Visitar 4 cuadros y explicar 4,"Plan bien salvo falta visitar 1 cuadro; la sección faltante apareció como texto plano sin formato y con pequeñas modificaciones de palabras",N,N,N,"Falta visitar un cuadro; fragmento en texto plano sin formato; palabras modificadas","Intento 3: parte en texto plano, faltó visita",N/A
Deepseek-R1:32b,2,Visitar 4 cuadros y explicar 4,"Plan contiene acciones adicionales y explica un cuadro no solicitado; además el formato de la sección explicativa está incorrecto",N,S,N,"Acciones adicionales; explicación de cuadro no solicitado; formato incorrecto","Intento 4: cumple objetivo pero añade acciones extra y pierde formato",N/A
Deepseek-R1:32b,3,Visitar 4 cuadros y explicar 4,"Buen plan pero incluye acciones adicionales; la parte explicativa está en formato inválido",N,S,N,"Acciones adicionales; formato inválido","Intento 5: buen contenido pero formato inválido",N/A
Deepseek-R1:32b,4,Visitar 4 cuadros y explicar 4,"Buen plan pero la sección explicativa tiene formato incorrecto",N,N,N,"Formato inválido en sección explicativa","Intento 6: plan casi válido pero formato incorrecto",N/A
Deepseek-R1:32b,5,Visitar 4 cuadros y explicar 4,"Buen plan en contenido pero timestamps y formato de explicación incorrectos",N,N,N,"Timestamps/formato inválido","Intento 7: plan casi válido pero formato incorrecto",N/A
Deepseek-R1:32b,6,Visitar 4 cuadros y explicar 4,"Añadía recargas y movimientos extra no solicitados; además el formato de duración era inválido",N,N,N,"Acciones extra (recarga/movimiento); formato de duración inválido","Intento 8: añade acciones extra",N/A
Qwen3:32b,1,Visitar 4 cuadros y explicar 4,"Plan válido con estructura correcta, no óptimo",S,S,S,,"1 intento: válido y completo, no óptimo",N/A
Qwen3:32b,2,Visitar 4 cuadros y explicar 4,"Plan razonado y formato correcto pero no incluye recarga; se queda sin batería",S,N,N,"No recarga batería","2 intento: razona bien pero no ajusta plan, falla por batería",N/A
Qwen3:32b,3,Visitar 4 cuadros y explicar 4,"Plan válido en contenido pero formato incorrecto",N,S,N,"Formato inválido","3 intento: cumple objetivo pero formato inválido",N/A
Qwen3:32b,4,Visitar 4 cuadros y explicar 4,"Plan válido en contenido pero formato incorrecto",N,S,N,"Formato inválido","4 intento: cumple objetivo pero formato inválido",N/A
Deepseek-R1:70b,1,Visitar 4 cuadros y explicar 4,"10 minutos razonando y al final dice que no tiene plan",N,N,N,"Razonamiento largo; no genera plan","1 intento: 10 min razonando y afirma no tener plan",N/A
Deepseek-R1:70b,2,Visitar 4 cuadros y explicar 4,"10 minutos razonando y entrega un plan válido en contenido pero NO CON EL FORMATO CORRECTO",N,S,N,"Formato inválido","2 intento: 10 min razonando, plan correcto en contenido pero formato incorrecto",N/A
Deepseek-R1:70b,3,Visitar 4 cuadros y explicar 4,"10 minutos razonando y entrega un plan válido en contenido pero NO CON EL FORMATO CORRECTO",N,S,N,"Formato inválido","3 intento: 10 min razonando, plan correcto en contenido pero formato incorrecto",N/A
Deepseek-R1:70b,4,Visitar 4 cuadros y explicar 4,"10 minutos razonando y entrega un plan válido pero explica un cuadro innecesario y NO CON EL FORMATO CORRECTO",N,S,N,"Explica cuadro no solicitado; formato inválido","4 intento: 10 min razonando, añade explicación innecesaria y formato inválido",N/A
Deepseek-R1:70b,5,Visitar 4 cuadros y explicar 4,"Entrega un plan válido en contenido pero NO CON EL FORMATO CORRECTO",N,S,N,"Formato inválido","5 intento: plan válido en contenido, formato incorrecto",N/A
llama3.3:70b,1,Visitar 4 cuadros y explicar 4,"Buen formato pero el plan falla: se queda sin batería",S,N,N,"Se queda sin batería","Intento 1: buen formato pero plan falla por batería",N/A
llama3.3:70b,2,Visitar 4 cuadros y explicar 4,"Buen formato pero el plan falla: se queda sin batería; no aprende de intentos previos",S,N,N,"Se queda sin batería; no aprende","Intento 2: repite el error de batería",N/A
llama3.3:70b,3,Visitar 4 cuadros y explicar 4,"Buen formato pero mal el plan, no sirve",S,N,N,"Plan inválido","Intento 3: formato correcto, plan insuficiente",N/A
llama3.3:70b,4,Visitar 4 cuadros y explicar 4,"Buen formato pero mal el plan, no sirve",S,N,N,"Plan inválido","Intento 4: mismo fallo que intentos previos",N/A
llama3.3:70b,5,Visitar 4 cuadros y explicar 4,"Buen formato pero mal el plan, no sirve",S,N,N,"Plan inválido","Intento 5: falla repetida",N/A
llama3.3:70b,6,Visitar 4 cuadros y explicar 4,"Plan válido y con formato correcto pero incluye acciones de más y explica un cuadro no solicitado",S,S,N,"Acciones adicionales; explica cuadro no solicitado","Intento 6: contenido correcto pero añade acciones/explanaciones no pedidas",N/A
llama3.3:70b,7,Visitar 4 cuadros y explicar 4,"Buen formato y buen plan",S,S,S,,"Intento 7: válido y formato correcto",N/A
llama3.3:70b,8,Visitar 4 cuadros y explicar 4,"Buen formato pero mal el plan, no sirve",S,N,N,"Plan inválido","Intento 8: formato bien pero plan insuficiente",N/A
llama3.3:70b,9,Visitar 4 cuadros y explicar 4,"Buen formato pero mal el plan, no sirve",S,N,N,"Plan inválido","Intento 9: mismo patrón de fallo",N/A
llama3.3:70b,10,Visitar 4 cuadros y explicar 4,"Buen formato pero mal el plan, no sirve",S,N,N,"Plan inválido","Intento 10: no mejora respecto a intentos anteriores",N/A
Command-a:111b,1,Visitar 4 cuadros y explicar 4,"Plan inválido con formato válido pero Falla la bateria",S,N,N,"Bateria","Intento 1: Bateria",N/A
Command-a:111b,2,Visitar 4 cuadros y explicar 4,"Plan inválido con formato válido pero Falla la bateria",S,N,N,"Bateria","Intento 2: Bateria",N/A
Command-a:111b,3,Visitar 4 cuadros y explicar 4,"Plan válido y con formato válido pero explica un cuadro no solicitado",S,S,N,"Explica cuadro no solicitado","Intento 3: explica cuadro no solicitado",N/A
Command-a:111b,4,Visitar 4 cuadros y explicar 4,"Plan válido y con formato válido pero explica un cuadro no solicitado y recarga innecesaria",S,S,N,"Explica cuadro no solicitado; recarga innecesaria","Intento 4: añade explicación no solicitada y recarga innecesaria",N/A
Command-a:111b,5,Visitar 4 cuadros y explicar 4,"Plan válido y con formato válido pero recarga innecesaria",S,S,S,"Recarga innecesaria","Intento 5: recarga innecesaria",N/A
Command-a:111b,6,Visitar 4 cuadros y explicar 4,"Plan válido y con formato válido pero recarga innecesaria",S,S,S,"Recarga innecesaria","Intento 6: recarga innecesaria",N/A
Command-a:111b,7,Visitar 4 cuadros y explicar 4,"Plan válido y con formato válido pero recarga innecesaria",S,S,S,"Recarga innecesaria","Intento 7: recarga innecesaria",N/A
Command-a:111b,8,Visitar 4 cuadros y explicar 4,"Plan válido y con formato válido pero recarga innecesaria",S,S,S,"Recarga innecesaria","Intento 8: recarga innecesaria",N/A
Command-a:111b,9,Visitar 4 cuadros y explicar 4,"Plan válido y con formato válido pero recarga innecesaria",S,S,S,"Recarga innecesaria","Intento 9: recarga innecesaria",N/A
Command-a:111b,10,Visitar 4 cuadros y explicar 4,"Plan inválido y con formato válido pero no explica la Mona Lisa",S,N,N,"No explica la Mona Lisa","Intento 10: no explica la Mona Lisa",N/A
Command-a:111b,11,Visitar 4 cuadros y explicar 4,"Plan válido y con formato válido pero recarga innecesaria",S,S,N,"Recarga innecesaria","Intento 11: recarga innecesaria",N/A
Command-a:111b,12,Visitar 4 cuadros y explicar 4,"Plan válido y con formato válido pero recarga innecesaria",S,S,N,"Recarga innecesaria","Intento 12: recarga innecesaria",N/A
Command-a:111b,13,Visitar 4 cuadros y explicar 4,"Plan válido y con formato válido pero recarga innecesaria",S,S,N,"Recarga innecesaria","Intento 13: recarga innecesaria",N/A
gpt-4o,1,Visitar 4 cuadros y explicar 4,"Buen formato, mal plan",S,N,N,"Plan inválido","1 intento: buen formato pero plan inválido",N/A
gpt-4o,2,Visitar 4 cuadros y explicar 4,"Buen plan, buen formato",S,S,S,,"2 intento: válido y formato correcto",N/A
gpt-4o,3,Visitar 4 cuadros y explicar 4,"Buen plan, buen formato",S,S,S,,"3 intento: válido y formato correcto",N/A
gpt-4o,4,Visitar 4 cuadros y explicar 4,"Mal plan: explica un cuadro no solicitado",S,N,N,"Explica cuadro no solicitado","4 intento: buen formato pero plan incorrecto",N/A
gpt-4o,5,Visitar 4 cuadros y explicar 4,"Buen plan, buen formato",S,S,S,,"5 intento: válido y formato correcto",N/A
gpt-4o,6,Visitar 4 cuadros y explicar 4,"Buen plan, buen formato",S,S,S,,"6 intento: válido y formato correcto",N/A
gpt-4o,7,Visitar 4 cuadros y explicar 4,"Buen plan, buen formato",S,S,S,,"7 intento: válido y formato correcto",N/A
gpt-4o,8,Visitar 4 cuadros y explicar 4,"Buen plan, buen formato",S,S,S,,"8 intento: válido y formato correcto",N/A
gpt-4o,9,Visitar 4 cuadros y explicar 4,"Buen plan, buen formato",S,S,S,,"9 intento: válido y formato correcto",N/A
gpt-4o,10,Visitar 4 cuadros y explicar 4,"Buen plan, buen formato",S,S,S,,"10 intento: válido y formato correcto",N/A
Qwen3:235b,1,Visitar 4 cuadros y explicar 4,"Planifica correctamente pero no lo entrega en el formato solicitado; entra en razonamiento largo y olvida el prompt",N,S,N,"Olvida el formato; razonamiento excesivo","Intento 1: plan correcto en contenido pero no respeta formato",N/A
Qwen3:235b,2,Visitar 4 cuadros y explicar 4,"Se pierde en su propio razonamiento; produce divagaciones y no entrega un plan coherente",N,N,N,"Divagaciones; incoherente","Intento 2: se pierde en el razonamiento y no genera plan",N/A
Qwen3:235b,3,Visitar 4 cuadros y explicar 4,"Genera fragmentos sin sentido y mezcla instrucciones con divagaciones; a ratos mantiene pasos correctos pero los corrompe",N,N,N,"Salidas sin sentido; mezcla de instrucciones","Intento 3: daba cosas sin sentido al perderse en su razonamiento",N/A
gemma3:27b,1,Visitar 4 cuadros y explicar 4,"Formato correcto; plan omite recarga y se queda sin batería a mitad",S,N,N,"No recarga batería","Intento 1: formato válido pero falla por batería",N/A
gemma3:27b,2,Visitar 4 cuadros y explicar 4,"Formato válido; programa recarga demasiado tarde y el robot se queda sin energía",S,N,N,"Recarga tardía; falla batería","Intento 2: formato válido pero recarga inoportuna",N/A
gemma3:27b,3,Visitar 4 cuadros y explicar 4,"Buen formato; incluye recarga mal ubicada que no permite completar las visitas",S,N,N,"Recarga mal situada; no completa","Intento 3: formato válido pero gestión de batería insuficiente",N/A
gpt-4o-mini,1,Visitar 4 cuadros y explicar 8,"Plan y formato correctos (todo perfecto)",S,S,S,,"Todo perfecto",N/A
gpt-4o-mini,2,Visitar 4 cuadros y explicar 8,"Buen formato; plan inválido por gestión de batería (no recarga bien)",S,N,N,"Batería: recarga mal gestionada","Formato bien; plan falla por batería",N/A
gpt-4o-mini,3,Visitar 4 cuadros y explicar 8,"Buen formato; plan inválido por gestión de batería (no recarga bien)",S,N,N,"Batería: recarga mal gestionada","Formato bien; plan falla por batería",N/A
gpt-4o-mini,4,Visitar 4 cuadros y explicar 8,"Buen formato; plan inválido por gestión de batería (no recarga bien)",S,N,N,"Batería: recarga mal gestionada","Formato bien; plan falla por batería",N/A
gpt-4o-mini,5,Visitar 4 cuadros y explicar 8,"No entiende bien el goal/plan; formato correcto; plan incorrecto",S,N,N,"No entiende goal/plan","Buen formato pero mal plan",N/A
gpt-4o-mini,6,Visitar 4 cuadros y explicar 8,"Buen formato; plan inválido por gestión de batería (no recarga bien)",S,N,N,"Batería: recarga mal gestionada","Formato bien; plan falla por batería",N/A
gpt-4o-mini,7,Visitar 4 cuadros y explicar 8,"Buen formato; plan inválido por gestión de batería (no recarga bien)",S,N,N,"Batería: recarga mal gestionada","Formato bien; plan falla por batería",N/A
gpt-4o-mini,8,Visitar 4 cuadros y explicar 8,"Buen formato; plan inválido por gestión de batería (no recarga bien)",S,N,N,"Batería: recarga mal gestionada","Formato bien; plan falla por batería",N/A
gemini-2.5-pro,1,Visitar 4 cuadros y explicar 8,"0.000: (start_welcome tiago) [1.000] ...301.023: (move tiago el_jardin_de_las_delicias nocheestrellada) [15.000]",S,S,S,"Ninguno","Todo perfecto",N/A
gemini-2.5-pro,2,Visitar 4 cuadros y explicar 8,"0.000: (start_welcome tiago) [1.000] ...301.023: (move tiago el_jardin_de_las_delicias nocheestrellada) [15.000]",S,S,S,"Ninguno","Todo perfecto",N/A
gemini-2.5-pro,3,Visitar 4 cuadros y explicar 8,"0.000: (start_welcome tiago) [1.000] ...301.023: (move tiago el_jardin_de_las_delicias nocheestrellada) [15.000]",S,S,S,"Ninguno","Todo perfecto",N/A
gemini-2.5-pro,4,Visitar 4 cuadros y explicar 8,"Plan y formato correctos (todo perfecto)",S,S,S,None,"Todo perfecto",N/A
gemini-2.5-pro,5,Visitar 4 cuadros y explicar 8,"Plan y formato correctos (todo perfecto)",S,S,S,None,"format all valid",N/A
gemini-2.5-pro,6,Visitar 4 cuadros y explicar 8,"Plan y formato correctos (todo perfecto)",S,S,S,None,"format all valid",N/A
gemini-2.5-pro,7,Visitar 4 cuadros y explicar 8,"Plan y formato correctos (todo perfecto)",S,S,S,None,"format all valid",N/A
gemini-2.5-pro,8,Visitar 4 cuadros y explicar 8,"Plan y formato correctos (todo perfecto)",S,S,S,None,"format all valid",N/A
gpt-5-nano,1,Visitar 4 cuadros y explicar 8,Plan y formato correctos (todo perfecto),S,S,S,None,Todo perfecto,N/A
gpt-5-nano,2,Visitar 4 cuadros y explicar 8,Plan invalido y formato correctos,S,N,N,None,Le quedan cuadros por explicar,N/A
gpt-5-nano,3,Visitar 4 cuadros y explicar 8,Plan invalido y formato correctos,S,N,N,None,Explica sin moverse al cuadro,N/A
gpt-5-nano,4,Visitar 4 cuadros y explicar 8,Plan y formato correctos (todo perfecto),S,S,S,None,Todo perfecto,N/A
gpt-5-nano,5,Visitar 4 cuadros y explicar 8,Plan invalido y formato correctos,S,N,N,None,Recarga en un lugar que no es home,N/A
gpt-5-nano,6,Visitar 4 cuadros y explicar 8,Plan invalido y formato correctos,S,N,N,None,Se queda sin bateria,N/A
gpt-5-nano,7,Visitar 4 cuadros y explicar 8,Plan invalido y formato correctos,S,N,N,None,Explica sin moverse al cuadro,N/A
gpt-5-nano,8,Visitar 4 cuadros y explicar 8,Plan invalido y formato correctos,S,N,N,None,Se queda sin bateria,N/A
gpt-5-nano,9,Visitar 4 cuadros y explicar 8,Plan y formato correctos (todo perfecto),S,S,S,None,Todo perfecto,N/A
gpt-5-nano,10,Visitar 4 cuadros y explicar 8,Plan invalido y formato correctos,S,N,N,None,Recarga en un lugar que no es home,N/A
gpt-5-thinking,1,Visitar 4 cuadros y explicar 8,Plan y formato correctos (todo perfecto),S,S,S,None,"Todo perfecto — https://chatgpt.com/share/68ef50f3-2170-800b-ac40-334cf870d9a8",158
gpt-5-thinking,2,Visitar 4 cuadros y explicar 8,Plan y formato correctos (todo perfecto),S,S,S,None,"Todo perfecto — https://chatgpt.com/share/68ef5224-9aa0-800b-8a7c-5ea86f9d5a51",121
gpt-5-thinking,3,Visitar 4 cuadros y explicar 8,Plan y formato correctos (todo perfecto),S,S,S,None,"Todo perfecto — https://chatgpt.com/share/68ef5604-a908-800b-914c-b65fc4a61be3",N/A
gpt-5-thinking,4,Visitar 4 cuadros y explicar 8,Plan y formato correctos (todo perfecto),S,S,S,None,"Todo perfecto — https://chatgpt.com/share/68ef5780-7290-800b-9973-a30e82c4bc1a",81
gpt-5-thinking,5,Visitar 4 cuadros y explicar 8,Plan y formato correctos (todo perfecto),S,S,S,None,"Todo perfecto — https://chatgpt.com/share/68ef5888-afdc-800b-a208-89d83f167e12",81
gpt-5-thinking,6,Visitar 4 cuadros y explicar 8,Plan y formato correctos (todo perfecto),S,S,S,None,"Todo perfecto — https://chatgpt.com/share/68ef5daa-fcdc-800b-9fc7-488ef6473d40",64
gpt-5-thinking,7,Visitar 4 cuadros y explicar 8,Plan y formato correctos (todo perfecto),S,S,S,None,"Todo perfecto — https://chatgpt.com/share/68ef5e80-b6b8-800b-ae34-e0c3dff09add",148
gpt-5-thinking,8,Visitar 4 cuadros y explicar 8,Plan y formato correctos (todo perfecto),S,S,S,None,"Todo perfecto",119
gpt-5-thinking,9,Visitar 4 cuadros y explicar 8,Plan y formato correctos (todo perfecto),S,S,S,None,"Todo perfecto",120
gpt-5-thinking,10,Visitar 4 cuadros y explicar 8,Plan y formato correctos (todo perfecto),S,S,S,None,"Todo perfecto",155
gpt-5-thinking,11,Visitar 4 cuadros y explicar 8,full_response,S,S,S,,"The plan is valid. All actions are consistent, battery is maintained, and goals are achieved.",339.280526638031
gemini-2.5-pro,1,Visitar 31 cuadros y explicar 31,full_response,S,S,S,None,"Plan valid. Goals achieved. Battery, temporal, and format constraints respected.",89.6104109287262
gemini-2.5-pro,2,Visitar 31 cuadros y explicar 31,full_response,S,S,S,None,"The plan is valid. All actions are consistent with domain, battery levels, and goals.",84.24877762794495
gemini-2.5-pro,3,Visitar 31 cuadros y explicar 31,full_response,S,S,S,None,"The plan is valid. All actions are consistent, battery maintained, goals achieved, temporal constraints respected.",77.21150231361389
gemini-2.5-pro,4,Visitar 31 cuadros y explicar 31,full_response,S,S,S,None,"Plan valid. All constraints met, and all 31 paintings explained.",108.66101098060608
gemini-2.5-pro,5,Visitar 31 cuadros y explicar 31,full_response,S,S,S,None,"Plan valid. All constraints met, and all 31 paintings explained.",87.916312172889713
gemini-2.5-pro,6,Visitar 31 cuadros y explicar 31,full_response,S,S,S,None,"Plan valid. All constraints met, and all 31 paintings explained.",99.23363208770752
gemini-2.5-pro,7,Visitar 31 cuadros y explicar 31,full_response,S,S,S,None,"Plan valid. All constraints met, and all 31 paintings explained.",91.4460678100586
gemini-2.5-pro,8,Visitar 31 cuadros y explicar 31,full_response,S,S,S,None,"The plan is valid. All actions and constraints are respected, and all goals are achieved.",N/A
gemini-2.5-pro,9,Visitar 31 cuadros y explicar 31,full_response,S,S,S,None,"The plan is valid. All actions and constraints are respected, and all goals are achieved.",N/A
gemini-2.5-pro,10,Visitar 31 cuadros y explicar 31,full_response,S,S,S,None,"The plan is valid. ",N/A
gpt-4o-mini,1,Visitar 31 cuadros y explicar 31,Plan incompleto,S,N,N,None,"El plan es ejecutable, pero no esta completo.",N/A
gpt-4o-mini,2,Visitar 31 cuadros y explicar 31,Plan incompleto,S,N,N,None,"El plan es ejecutable, pero no esta completo.",N/A
openai/gpt-oss-120b,1, Visitar 4 cuadros y explicar 8,"Plan y formato correctos (todo perfecto)",S,S,S,None,"Todo perfecto",N/A
openai/gpt-oss-120b,2, Visitar 4 cuadros y explicar 8,"Plan y formato correctos (todo perfecto)",S,S,S,None,"Todo perfecto",N/A
openai/gpt-oss-120b,3, Visitar 4 cuadros y explicar 8,"Plan y formato correctos (todo perfecto)",S,S,S,None,"Todo perfecto",N/A
openai/gpt-oss-120b,4, Visitar 4 cuadros y explicar 8,"Plan y formato correctos (todo perfecto)",S,S,S,None,"Todo perfecto",N/A
openai/gpt-oss-120b,5, Visitar 4 cuadros y explicar 8,"Plan y formato correctos (todo perfecto)",S,S,S,None,"Todo perfecto",N/A
openai/gpt-oss-120b,6, Visitar 4 cuadros y explicar 8,"Plan y formato correctos (todo perfecto)",S,S,S,None,"Todo perfecto",N/A
openai/gpt-oss-120b,7, Visitar 4 cuadros y explicar 8,"Plan y formato correctos (todo perfecto)",S,S,S,None,"Todo perfecto",N/A
openai/gpt-oss-120b,8,Visitar 4 cuadros y explicar 8,full_response,S,S,S,None,"All actions valid, battery maintained, goals achieved, and temporal consistency respected.",12.099780082702637
openai/gpt-oss-120b,9,Visitar 4 cuadros y explicar 8,full_response,S,S,S,,"Plan valid. All constraints met, battery maintained, and goals achieved.",80.51107001304626
openai/gpt-oss-120b,10,Visitar 4 cuadros y explicar 8,full_response,S,S,S,None,"Plan valid. All constraints met: battery, actions, goals, temporal, format, charger.",66.5150978565216
kimi-k2:1t-cloud,1, Visitar 4 cuadros y explicar 8,"formato correctos pero plan mal",S,N,N,None,"No recarga bien",N/A
kimi-k2:1t-cloud,2, Visitar 4 cuadros y explicar 8,"formato correctos pero plan mal",S,N,N,None,"Se queda sin bateria",N/A
kimi-k2:1t-cloud,3,Visitar 4 cuadros y explicar 8,full_response,S,N,N,"Action `(move tiago guernica home)` at `91.007` is invalid.","Plan invalid: battery drops below zero, causing precondition failures.",39.32512426376343
kimi-k2:1t-cloud,4,Visitar 4 cuadros y explicar 8,full_response,S,N,N,Action 8: (move tiago guernica home) is invalid. Battery level (10) is below the required 20 units for a 'move' action at the start of the action.,Plan invalid due to insufficient battery for move action.,42.2331805229187
DeepSeek-V3.2-Exp(Thinking Mode),1,Visitar 31 cuadros y explicar 31,full_response,S,S,S,"good plan",valid.,N/A
DeepSeek-V3.2-Exp(Thinking Mode),2,Visitar 31 cuadros y explicar 31,full_response,S,S,S,Plan Valido,The plan is valid.,N/A
DeepSeek-V3.2-Exp(Thinking Mode),3,Visitar 31 cuadros y explicar 31,full_response,S,S,S,None,"The plan is valid and all constraints are met successfully.",720
DeepSeek-V3.2-Exp(Thinking Mode),4,Visitar 31 cuadros y explicar 31,full_response,S,S,S,"The (:goal) section in the problem definition is empty. The goal was inferred from the plan's actions.","Valid plan; correct actions, battery management, and inferred goal met", 670
DeepSeek-V3.2-Exp(Thinking Mode),5,Visitar 31 cuadros y explicar 31,full_response,S,S,S,None,"Plan is valid, battery is managed, and all actions correct", 655
DeepSeek-V3.2-Exp(Thinking Mode),6,Visitar 31 cuadros y explicar 31,full_response,S,S,S,None,"The plan is valid, all constraints are met successfully", 537
DeepSeek-V3.2-Exp(Thinking Mode),7,Visitar 31 cuadros y explicar 31,full_response,S,S,S,None,"The plan is valid, all constraints are met successfully.", 705
DeepSeek-V3.2-Exp(Thinking Mode),8,Visitar 31 cuadros y explicar 31,full_response,S,S,S,None,"Plan valid, battery safe, all actions and goals met.", 744
DeepSeek-V3.2-Exp(Thinking Mode),9,Visitar 31 cuadros y explicar 31,full_response,S,S,S,The problem definition is incomplete as it lacks a `(:goal)` section. The plan's validity is assessed against domain constraints only.,"Plan is valid; actions, battery, and timing are correc", 598
DeepSeek-V3.2-Exp(Thinking Mode),10,Visitar 31 cuadros y explicar 31,full_response,S,S,S,None,"The plan is valid. All actions, timings, and battery levels are correct", 595
DeepSeek-V3.2-Exp(Thinking Mode),11,Visitar 31 cuadros y explicar 31,full_response,S,S,S,None,"Plan is valid, battery never drops below zero, goal achieved", 743
DeepSeek-V3.2-Exp(Thinking Mode),12,Visitar 31 cuadros y explicar 31,full_response,S,S,S,None,"The plan is valid, achieving all goals without errors", 593
DeepSeek-V3.2-Exp,1,Visitar 31 cuadros y explicar 31,full_response,S,N,N,Fatal battery logic error at step 1211.016. Robot has 10 battery but needs 20 to move from 'composition_viii' to 'home'.,Plan fails due to insufficient battery on the final move.,177
DeepSeek-V3.2-Exp,2,Visitar 31 cuadros y explicar 31,full_response,S,N,N,Battery logic violation at step 91.002. Robot has 10 battery but needs 20 to move. The plan is also incomplete.,Plan fails due to critical battery mismanagement and is incomplete.,168
DeepSeek-V3.2-Exp,3,Visitar 31 cuadros y explicar 31,full_response,S,N,N,Battery level drops below required level at action (move tiago elgrito home). The robot has 10 battery units but needs 20 to perform the move action.,Plan is invalid due to battery logic failure. Not enough battery.,162
DeepSeek-V3.2-Exp,4,Visitar 31 cuadros y explicar 31,full_response,S,S,S,"plan valid.",Plan is logically valid.,133
DeepSeek-V3.2-Exp,5,Visitar 31 cuadros y explicar 31,full_response,S,S,S,None,"Plan is valid, battery logic holds, all 31 goals met.",111
DeepSeek-V3.2-Exp,6,Visitar 31 cuadros y explicar 31,full_response,S,N,N,"The plan is incomplete, ending with '...'. It's a strategy, not a full plan.",The plan is invalid because it is incomplete and incomplete.,104
DeepSeek-V3.2-Exp,7,Visitar 31 cuadros y explicar 31,full_response,N,N,N,The provided text is not an execution plan. It is a natural language description of the strategy to create a plan. A valid plan must follow the format 'time: (action) [duration]'.,"Provided text is a strategy description, not a valid plan.",98
DeepSeek-V3.2-Exp,8,Visitar 31 cuadros y explicar 31,full_response,S,S,S,None,"Plan is valid, all 31 paintings explained, battery managed correctly.",169
DeepSeek-V3.2-Exp,9,Visitar 31 cuadros y explicar 31,full_response,S,N,N,"Plan fails at 1211.046. The action (move tiago composition_viii home) requires 20 battery, but only 10 is available after explaining three paintings in the final trip.",Plan is invalid due to a battery logic failure.,119
DeepSeek-V3.2-Exp,10,Visitar 31 cuadros y explicar 31,full_response,N,N,N,"The provided text is not a valid plan. It's an incomplete thought process that stops mid-plan, failing to achieve the goal of explaining 31 paintings.",Plan is invalid because it is incomplete and poorly formatted.,155
DeepSeek-V3.2-Exp,11,Visitar 31 cuadros y explicar 31,full_response,S,N,N,Action Integrity: The plan uses an undefined action '(finished tiago)'. Goal Achievement: The plan does not meet the goal of explaining 31 paintings; it only explains 23.,Plan is invalid due to an undefined action and failure.,N/A
DeepSeek-V3.2-Exp,12,Visitar 31 cuadros y explicar 31,full_response,N,N,N,"The provided 'PLAN' section does not contain a PDDL execution plan in the specified format. Instead, it describes a planning strategy and battery calculation. Therefore, validation cannot proceed.",No valid plan provided for validation.,N/A
gpt-5-nano,1,Visitar 31 cuadros y explicar 31,full_response,S,N,N,"Action (move tiago banistas_en_asnieres saturno_devorando_a_su_hijo) at time 811.011 is invalid. Robot battery level is 10, but the action requires 20 battery units. Battery cannot drop below 0.",Plan invalid: Insufficient battery for move action; goal not met.,N/A
gpt-5-mini,1,Visitar 31 cuadros y explicar 31,full_response,S,S,S,None,"Plan valid; all conditions met, battery fine, goals achieved.",N/A
meta-llama/llama-4-maverick-17b-128e-instruct,1,Visitar 31 cuadros y explicar 31,full_response,S,N,N,"Battery level drops below 0 during action 15: (move tiago las_meninas el_3_de_mayo_de_1808). Battery was 10, consumed 20, resulting in -10.",Plan invalid due to battery dropping below zero before recharge.,N/A
meta-llama/llama-4-maverick-17b-128e-instruct,2,Visitar 31 cuadros y explicar 31,full_response,S,N,N,"Battery level drops below 0: At action 171.003: (move tiago el_3_de_mayo_de_1808 el_jardin_de_las_delicias) [15.000], battery is 10.",Plan invalid: battery drops below zero before reaching next location.,N/A
meta-llama/llama-4-maverick-17b-128e-instruct,3,Visitar 31 cuadros y explicar 31,full_response,S,N,N,"Battery level drops below 0",Plan invalid: battery drops below zero before reaching next location.,N/A
meta-llama/llama-4-maverick-17b-128e-instruct,4,Visitar 31 cuadros y explicar 31,full_response,S,N,N,"Battery level drops below 0",Plan invalid: battery drops below zero before reaching next location.,N/A
meta-llama/llama-4-maverick-17b-128e-instruct,5,Visitar 31 cuadros y explicar 31,full_response,S,N,N,"Battery level drops below 0",Plan invalid: battery drops below zero before reaching next location.,N/A
openai/gpt-oss-120b,1,Visitar 31 cuadros y explicar 31,full_response,S,N,N,"The plan includes an extra action (explain_painting tiago home) that is not required by the goal ""Explicar los 31 cuadros"", violating the rule ""No extra goals or explanations should appear.""",Plan invalid due to an unnecessary explanation of home location.,1246.093
openai/gpt-oss-120b,2,Visitar 31 cuadros y explicar 31,full_response,S,S,S,"All good",Plan valid: all conditions met.,21.56879
openai/gpt-oss-120b,3,Visitar 31 cuadros y explicar 31,full_response,S,S,S,None,"The plan is valid. All constraints are met, and the goal is achieved.",16.457269191741943
openai/gpt-oss-120b,4,Visitar 31 cuadros y explicar 31,full_response,S,S,S,None,"Plan valid. Actions, battery, temporal, format, and goals are consistent.",15.735186100006104
openai/gpt-oss-120b,5,Visitar 31 cuadros y explicar 31,full_response,S,S,S,None,"The plan is valid. All actions are consistent with the domain and problem, battery levels are maintained above zero, all goals are achieved, and temporal constraints are respected. Recharging occurs at a valid charger location, and the plan format is correct.",13.467994689941406
openai/gpt-oss-120b,6,Visitar 31 cuadros y explicar 31,full_response,S,N,N,"At time 91.007, action `(move tiago guernica home)` requires 20 battery units. The current battery level is 10. Executing this action would result in a battery level of -10, which is below the minimum allowed of 0.","Plan invalid, battery too low for move action.",11.693005084991455
openai/gpt-oss-120b,7,Visitar 31 cuadros y explicar 31,full_response,S,S,S,None,"The plan is valid. All actions are consistent with the domain and problem, battery levels are maintained above zero, all goals are achieved, and temporal constraints are respected. Recharging occurs at a valid charger location, and the plan format is correct.",15.638234376907349
openai/gpt-oss-120b,8,Visitar 31 cuadros y explicar 31,full_response,S,N,N,Goal not achieved: Only 3 out of 31 paintings were explained.,Plan invalid. Not all paintings were explained as per the goal.,4.866055965423584
openai/gpt-oss-120b,9,Visitar 31 cuadros y explicar 31,full_response,S,S,S,None,"The plan is valid. All actions consistent, battery levels maintained, and all goals achieved.",19.109225034713745
openai/gpt-oss-120b,10,Visitar 31 cuadros y explicar 31,full_response,S,S,S,None,"The plan is valid. All actions consistent, battery levels maintained, and all goals achieved.",19.124158026123047
meta-llama/llama-4-maverick-17b-128e-instruct,1,Visitar 4 cuadros y explicar 8,full_response,S,N,N,"The robot attempted to `move` from `guernica` to `home` with only 10 battery units. A `move` action consumes 20 battery units, which would result in a battery level of -10, violating the constraint that battery level must never drop below 0.",Plan invalid due to insufficient battery before a move action.,4.264058589935303
meta-llama/llama-4-maverick-17b-128e-instruct,2,Visitar 4 cuadros y explicar 8,full_response,S,N,N,The plan fails to achieve the goal (explained_painting la_joven_de_la_perla).,"Plan invalid, one painting explanation goal not met.",4.976625919342041
meta-llama/llama-4-maverick-17b-128e-instruct,3,Visitar 4 cuadros y explicar 8,full_response,S,N,N,"1. Battery Logic Violation: At time 186.002, action (move tiago las_meninas el_3_de_mayo_de_1808) requires 20 battery units, but the robot only has 10, causing the battery to drop to -10.","Plan invalid: battery drops below zero, leading to unachieved goals.",3.1308600902557373
meta-llama/llama-4-maverick-17b-128e-instruct,4,Visitar 4 cuadros y explicar 8,full_response,S,N,N,"At time 91.002, action (move tiago guernica home) is invalid. Required battery for move is 20, but current battery is 10. This would cause battery level to drop below 0.",Plan invalid due to insufficient battery for move action at step 8.,3.3140246868133545
meta-llama/llama-4-maverick-17b-128e-instruct,5,Visitar 4 cuadros y explicar 8,full_response,S,N,N,"Battery level drops below 0. At 186.003, '(move tiago las_meninas el_3_de_mayo_de_1808)' requires 20 battery but only 10 is available.","Plan invalid: battery drops below zero, and not all goals are achieved.",4.322484731674194
meta-llama/llama-4-maverick-17b-128e-instruct,6,Visitar 4 cuadros y explicar 8,full_response,S,S,S,,"The plan is valid. Battery, actions, goals, time, and format are correct.",3.1567535400390625
meta-llama/llama-4-maverick-17b-128e-instruct,7,Visitar 4 cuadros y explicar 8,full_response,S,N,N,Action `move tiago guernica monalisa` at 91.002 is invalid. Battery level would drop below 0 (to -10) if this action is executed. Current battery: 10. Cost: 20. A recharge was needed before this action.,Plan invalid: battery dropped below zero during a move action.,3.1797475814819336
meta-llama/llama-4-maverick-17b-128e-instruct,8,Visitar 4 cuadros y explicar 8,full_response,S,N,N,"At 186.002, action `(move tiago las_meninas el_3_de_mayo_de_1808)` requires 20 battery, but the robot only has 10.",Plan invalid: low battery for move action; some goals unmet.,4.149785995483398
meta-llama/llama-4-maverick-17b-128e-instruct,9,Visitar 4 cuadros y explicar 8,full_response,S,N,N,Battery level (10) is insufficient for (move tiago las_meninas el_3_de_mayo_de_1808) which requires 20 battery units. Battery would drop below 0 if this action were executed.,"Plan invalid, insufficient battery for move action, goals not met.",2.5599491596221924
meta-llama/llama-4-maverick-17b-128e-instruct,10,Visitar 4 cuadros y explicar 8,full_response,S,N,N,Goals not met: Paintings 'guernica' and 'las_meninas' were not explained.,Plan invalid. Not all explanation goals were met.,2.7110962867736816
meta-llama/llama-4-maverick-17b-128e-instruct,11,Visitar 4 cuadros y explicar 8,full_response,S,N,N,"The plan failed to explain the paintings at locations guernica and las_meninas, which are part of the goal. All other checks passed successfully.","Plan invalid, did not explain two required paintings.",2.1713767051696777
gpt-5-mini,1,Visitar 4 cuadros y explicar 8,full_response,S,S,S,,"Plan valid. All constraints met, goals achieved, and battery maintained.",125.1199676990509
gpt-5-mini,2,Visitar 4 cuadros y explicar 8,full_response,S,S,S,,"The plan is valid. All actions are consistent with the domain and problem, battery levels are maintained above zero, all goals are achieved, and temporal constraints are respected. Recharging occurs at a valid charger location, and the plan format is correct.",108.93329381942749
gpt-5-mini,3,Visitar 4 cuadros y explicar 8,full_response,S,S,S,,"Plan valid. Actions, battery, goals, temporal, format are consistent.",152.24317002296448
gpt-5-mini,4,Visitar 4 cuadros y explicar 8,full_response,S,S,S,None,"Plan is valid, battery levels maintained, all goals achieved, and temporal consistency.",121.51409816741943
gpt-5-mini,5,Visitar 4 cuadros y explicar 8,full_response,S,S,S,None,The plan is valid. All constraints are met.,173.26350140571594
gpt-5-mini,6,Visitar 4 cuadros y explicar 8,full_response,S,S,S,None,"Plan is valid; all constraints met, goals achieved, and battery logic followed.",131.42835688591003
gpt-5-mini,7,Visitar 4 cuadros y explicar 8,full_response,S,S,S,,"The plan is valid. All constraints are met, and goals are achieved.",97.56481337547302
gpt-5-mini,8,Visitar 4 cuadros y explicar 8,full_response,S,S,S,None,"All actions valid, battery maintained, and all goals achieved.",111.31304812431335
gpt-5-mini,9,Visitar 4 cuadros y explicar 8,full_response,S,S,S,None,"The plan is valid. All actions are consistent with the domain and problem, battery levels are maintained above zero, all goals are achieved, and temporal constraints are respected. Recharging occurs at a valid charger location, and the plan format is correct.",110.90234112739563
gpt-5-mini,10,Visitar 4 cuadros y explicar 8,full_response,S,S,S,None,"The plan is valid. All actions are consistent with the domain and problem, battery levels are maintained above zero, all goals are achieved, and temporal constraints are respected. Recharging occurs at a valid charger location, and the plan format is correct.",113.0976619720459
gpt-5-mini,11,Visitar 4 cuadros y explicar 8,full_response,S,S,S,,Plan valid. Constraints met. Goals achieved. Battery maintained. All good.,118.02524638175964
gemini-2.5-pro,1,Visitar 4 cuadros y explicar 8,full_response,S,S,S,,"Plan valid. Battery, actions, goals, temporal consistency, charger locations good.",108.99508762359619
gemini-2.5-flash,1,Visitar 4 cuadros y explicar 8,full_response,S,S,S,None,"The plan is valid. All actions are consistent with the domain and problem, battery levels are maintained above zero, all goals are achieved, and temporal constraints are respected. Recharging occurs at a valid charger location, and the plan format is correct.",60.32622790336609
gemini-2.5-flash,2,Visitar 4 cuadros y explicar 8,full_response,S,S,S,None,"Plan is valid, all constraints met, and all goals achieved.",57.676164865493774
gemini-2.5-flash,3,Visitar 4 cuadros y explicar 8,full_response,S,S,S,None,"Plan is valid: actions, battery, goals, temporal, and format are all correct.",93.28862571716309
gemini-2.5-flash,4,Visitar 4 cuadros y explicar 8,full_response,S,S,S,None,"Plan is valid. All constraints met, and goals achieved.",94.5422568321228
gemini-2.5-flash,5,Visitar 4 cuadros y explicar 8,full_response,S,S,S,None,The plan is valid. All constraints respected and goals achieved.,80.96658301353455
gemini-2.5-flash,6,Visitar 4 cuadros y explicar 8,full_response,S,S,S,,"Plan valid. Actions consistent, battery maintained, goals achieved, temporal consistent.",60.66457557678223
gemini-2.5-flash,7,Visitar 4 cuadros y explicar 8,full_response,S,S,S,,"Plan is valid; all constraints met, and goals achieved efficiently.",87.32601642608643
gemini-2.5-flash,8,Visitar 4 cuadros y explicar 8,full_response,S,S,S,None,"The plan is valid. All actions are consistent with the domain and problem, battery levels are maintained above zero, all goals are achieved, and temporal constraints are respected. Recharging occurs at a valid charger location, and the plan format is correct.",85.0270082950592
gemini-2.5-flash,9,Visitar 4 cuadros y explicar 8,full_response,S,S,S,None,"Plan valid. All constraints met, goals achieved, battery managed correctly.",72.01632690429688
gemini-2.5-flash,10,Visitar 4 cuadros y explicar 8,full_response,S,S,S,None,"The plan is valid. All actions are consistent, battery is maintained, goals are achieved, and temporal constraints are respected.",73.29096674919128
gemini-2.5-flash,11,Visitar 4 cuadros y explicar 8,"Plan y formato correctos (todo perfecto)",S,S,S,None,"Todo perfecto",N/A
gemini-2.5-flash,1,Visitar 31 cuadros y explicar 31,full_response,S,N,N,"Goal not achieved: Expected to explain 31 paintings, but only 30 were explained. The problem definition lists only 30 unique painting locations.",Plan invalid: Goal not met as only 30 of 31 paintings were explained. All other constraints met.,95.75860404968262
gemini-2.5-flash,2,Visitar 31 cuadros y explicar 31,full_response,S,S,S,None,"The plan is valid. All actions are consistent with the domain and problem, battery levels are maintained above zero, all goals are achieved, and temporal constraints are respected. Recharging occurs at a valid charger location, and the plan format is correct.",133.139311571807861
gemini-2.5-flash,3,Visitar 31 cuadros y explicar 31,full_response,S,N,N,"Goal not met: Expected to explain 31 paintings, but explained 30.","Plan invalid. Errors found in actions, battery, goals, or temporal constraints.",127.37493348121643
gemini-2.5-flash,4,Visitar 31 cuadros y explicar 31,full_response,S,N,N,"Goal not met: Expected to explain 31 paintings, but explained 20.","Plan invalid. Errors found in actions, battery, goals, or temporal constraints.",115.65995717048645
gemini-2.5-flash,5,Visitar 31 cuadros y explicar 31,full_response,S,N,N,"Goal not met: Expected to explain 31 paintings, but explained 30.","Plan invalid. Errors found in actions, battery, goals, or temporal constraints.",123.281734869384766
gemini-2.5-flash,6,Visitar 31 cuadros y explicar 31,full_response,S,S,S,None,"The plan is valid. All actions are consistent with the domain and problem, battery levels are maintained above zero, all goals are achieved, and temporal constraints are respected. Recharging occurs at a valid charger location, and the plan format is correct.",135.81916332244873
gemini-2.5-flash,7,Visitar 31 cuadros y explicar 31,full_response,S,N,N,"Goal not achieved: Expected to explain 31 paintings, but only 30 were explained. The problem definition lists only 30 unique painting locations.",Plan invalid: Goal not met as only 30 of 31 paintings were explained. All other constraints met.,101.48965237557373
gemini-2.5-flash,8,Visitar 31 cuadros y explicar 31,full_response,S,S,S,None,"Plan valid: all constraints met, 31 paintings explained, battery maintained.",90.76356983184814
gemini-2.5-flash,9,Visitar 31 cuadros y explicar 31,full_response,S,N,N,Goal not achieved: Only 30 out of 31 paintings were explained. The painting 'maestro_aprendiz' was not explained.,"Plan invalid: Missing explanation for one painting, goal not met.",136.20195317268372
gemini-2.5-flash,10,Visitar 31 cuadros y explicar 31,full_response,S,S,S,None,"The plan is valid. All actions are consistent with the domain and problem, battery levels are maintained above zero, all goals are achieved, and temporal constraints are respected. Recharging occurs at a valid charger location, and the plan format is correct.",81.30229067802429
gpt-5-mini,1,Visitar 31 cuadros y explicar 31,full_response,S,S,S,None,"The plan is valid. All actions are consistent with the domain and problem, battery levels are maintained above zero, all goals are achieved, and temporal constraints are respected. Recharging occurs at a valid charger location, and the plan format is correct.",99.348157608795166
gpt-5-mini,2,Visitar 31 cuadros y explicar 31,full_response,S,S,S,None,"The plan is valid. All actions are consistent with the domain and problem, battery levels are maintained above zero, all goals are achieved, and temporal constraints are respected. Recharging occurs at a valid charger location, and the plan format is correct.",98.22785091400146
gpt-5-mini,3,Visitar 31 cuadros y explicar 31,full_response,S,S,S,None,"The plan is valid. All actions are consistent with the domain and problem, battery levels are maintained above zero, all goals are achieved, and temporal constraints are respected. Recharging occurs at a valid charger location, and the plan format is correct.",135.9285328388214
gpt-5-mini,4,Visitar 31 cuadros y explicar 31,full_response,S,S,S,None,"The plan is valid. All actions are consistent with the domain and problem, battery levels are maintained above zero, all goals are achieved, and temporal constraints are respected.",144.9413321018219
gpt-5-mini,5,Visitar 31 cuadros y explicar 31,full_response,S,S,S,None,The plan is valid and logically consistent with all constraints.,114.77769494056702
gpt-5-mini,6,Visitar 31 cuadros y explicar 31,full_response,S,S,S,None,The plan is valid and logically consistent with all constraints.,111.86425590515137
gpt-5-mini,7,Visitar 31 cuadros y explicar 31,full_response,S,S,S,None,The plan is valid. All constraints and goals are met.,170.78868222236633
gpt-5-mini,8,Visitar 31 cuadros y explicar 31,full_response,S,S,S,None,"Plan valid. All constraints met, battery maintained, goal achieved.",139.31984043121338
gpt-5-mini,9,Visitar 31 cuadros y explicar 31,full_response,S,S,S,None,"Plan valid. All constraints met, battery maintained, goal achieved.",134.64342951774597
gpt-5-mini,10,Visitar 31 cuadros y explicar 31,full_response,S,S,S,None,"Plan valid, battery maintained, all goals achieved, correct format and temporal consistency.",148.53340554237366
moonshotai/kimi-k2-instruct-0905,1,Visitar 31 cuadros y explicar 31,full_response,S,N,N,"Battery Logic: Robot attempted to move from 'banistas_en_asnieres' to 'home' at time 91.002 with 10 battery, but 20 is required for a 'move' action. The battery would drop to -10, which is below 0.","Plan invalid, battery too low for move action.",7.57958197593689
moonshotai/kimi-k2-instruct-0905,2,Visitar 31 cuadros y explicar 31,full_response,S,S,N,Action 8: (move tiago elgrito maestro_aprendiz) - Battery would drop below 0 (10 - 20 = -10). Action 9: (move tiago maestro_aprendiz home) - Battery would drop below 0 (-10 - 20 = -30)...,The plan is invalid due to multiple instances of battery dropping below zero.,3.8848254680633545
moonshotai/kimi-k2-instruct-0905,3,Visitar 31 cuadros y explicar 31,full_response,S,S,S,None,"The plan is valid. All actions are consistent with the domain and problem, battery levels are maintained above zero, all goals are achieved, and temporal constraints are respected. Recharging occurs at a valid charger location, and the plan format is correct.",5.145828008651733
moonshotai/kimi-k2-instruct-0905,4,Visitar 31 cuadros y explicar 31,full_response,S,S,N,Battery level drops below 0 before action (move tiago elgrito maestro_aprendiz). Current battery: 10. Cost: 20.,Plan invalid due to battery depletion. Format and goal achievement are otherwise correct.,6.614332914352417
moonshotai/kimi-k2-instruct-0905,5,Visitar 31 cuadros y explicar 31,full_response,S,S,N,"Battery Logic Error: The robot repeatedly attempts to move back to 'home' with insufficient battery (10 units), while the 'move' action requires 20 units. This occurs at timestamps 91.007, 201.015, 311.023, 421.031, 531.039, 641.047, 751.055, 861.063, 971.071, and 1081.079, causing the battery level to drop below 0.",Plan invalid due to repeated battery depletion before reaching recharge location.,5.606024265289307
moonshotai/kimi-k2-instruct-0905,6,Visitar 31 cuadros y explicar 31,full_response,S,N,N,"Action 12: Invalid painting name 'nocheestrelada'. It should be 'nocheestrellada'. This action fails to explain 'nocheestrellada'. Action 16: Insufficient battery (0) for 'explain_painting' action (requires 10). Battery would drop to -10, violating battery constraints. This action fails.",Plan invalid due to typo in painting name and insufficient battery.,6.932378768920898
moonshotai/kimi-k2-instruct-0905,7,Visitar 31 cuadros y explicar 31,full_response,S,N,N,"Line 8: Temporal Consistency Error: Action 'move' starts at 91.001 which is before the current plan time 91.001.Battery Logic Error: Battery level (10) is insufficient for 'move' (cost 20). Battery would drop to -10.; Goal Achievement Error: Expected to explain 31 paintings, but only 3 were explained.","Plan invalid. Battery insufficient for move, goal not met.",6.051042318344116
moonshotai/kimi-k2-instruct-0905,8,Visitar 31 cuadros y explicar 31,full_response,S,S,N,Battery level drops below 0 before action (move tiago elgrito maestro_aprendiz). Current battery: 10. Cost: 20.,Plan invalid due to battery depletion. Format and goal achievement are otherwise correct.,7.645576000213623
moonshotai/kimi-k2-instruct-0905,9,Visitar 31 cuadros y explicar 31,full_response,S,N,N,"Only charged once",Plan invalid: insufficient battery for move action and goal not fully met.,6.82937486763000488
moonshotai/kimi-k2-instruct-0905,10,Visitar 31 cuadros y explicar 31,full_response,S,N,N,"Battery level (10) is insufficient for 'move' action (requires 20) at time 91.004. Goal not met: Expected to explain 31 paintings, but only 30 unique paintings were explained.",Plan invalid: insufficient battery for move action and goal not fully met.,6.478416919708252
Command-a:111b,1,Visitar 4 cuadros y explicar 8,full_response,S,S,N,Extra explained paintings not required by goal: nocheestrellada,Plan valid but Extra explained paintings not required by goal: nocheestrellada. Goals achieved. Battery maintained.,142.69765782356262
Command-a:111b,2,Visitar 4 cuadros y explicar 8,full_response,S,N,N,"Battery level drops below 0 for '(move tiago las_meninas el_3_de_mayo_de_1808)' at 251.010 (requires 20 battery, has 10). Subsequent actions fail due to robot not being at the correct locations, leading to unfulfilled explanation goals.","Plan invalid due to low battery, robot location mismatches, and unachieved goals.",104.17286539077759
Command-a:111b,3,Visitar 4 cuadros y explicar 8,full_response,S,S,N,Extra explained paintings not required by goal: nocheestrellada,"Plan valid. Consistent actions, safe battery, all goals met, temporal ok.",129.0973837375641
Command-a:111b,4,Visitar 4 cuadros y explicar 8,full_response,S,N,N,Action (move tiago las_meninas el_3_de_mayo_de_1808) at 251.010 is invalid: Battery level (10) is insufficient for a move action (requires 20). Goal (explained_painting el_3_de_mayo_de_1808) not achieved. Goal (explained_painting el_jardin_de_las_delicias) not achieved.,"Plan invalid: insufficient battery for move, and not all goals achieved.",104.15758800506592
Command-a:111b,5,Visitar 4 cuadros y explicar 8,full_response,S,N,N,"Battery too low for move action at 251.010. Robot not at correct location for subsequent actions (explain_painting, move, recharge). Not all explained_painting goals were met (el_3_de_mayo_de_1808, el_jardin_de_las_delicias).","Plan invalid: battery issues, wrong location, and unmet explanation goals.",104.15911912918091
Command-a:111b,6,Visitar 4 cuadros y explicar 8,full_response,S,S,N,Extra explained paintings not required by goal: nocheestrellada,"The plan is valid. All constraints are respected, and all goals are achieved.",129.08633971214294
Command-a:111b,7,Visitar 4 cuadros y explicar 8,full_response,S,S,N,Extra explained paintings not required by goal: nocheestrellada,"Plan valid; all actions, battery, and goals consistent.",129.1030650138855
Command-a:111b,8,Visitar 4 cuadros y explicar 8,full_response,S,N,N,"Battery level will drop below 0 before action (move tiago las_meninas el_3_de_mayo_de_1808); Battery level is below 0, cannot perform (explain_painting tiago el_3_de_mayo_de_1808); Battery level is below 0, cannot perform (move tiago el_3_de_mayo_de_1808 home).","Plan invalid, battery drops below zero before executing move action.",104.15129566192627
Command-a:111b,9,Visitar 4 cuadros y explicar 8,full_response,S,N,N,"Explica un cuadro de más",Plan invalid: extra explanation action not required by goal.,150.93704223632812
Command-a:111b,10,Visitar 4 cuadros y explicar 8,full_response,S,N,N,"Goal not met: Extra visited locations not required by goal: maestro_aprendiz, el_jardin_de_las_delicias, las_meninas, la_joven_de_la_perla, el_3_de_mayo_de_1808; Goal not met: Extra explained paintings not required by goal: nocheestrellada",The plan is invalid because it achieves extra visited locations and explained paintings not specified in the goal.,142.56902194023132
command-a:111b,1,Visitar 31 cuadros y explicar 31,full_response,S,N,N,"Battery level drops below 0. Robot attempts to move from guernica to home at time 91.004 with 10 battery, but the action requires 20 battery. Battery would become -10.",Plan invalid: battery drops below zero due to insufficient charge before move.,348.26582622528076
command-a:111b,2,Visitar 31 cuadros y explicar 31,full_response,S,N,N,"Battery level drops below 0.",Plan invalid: battery drops below zero due to insufficient charge before move.,350.1293712635498
command-a:111b,3,Visitar 31 cuadros y explicar 31,full_response,S,N,N,Battery level (10) is insufficient for 'move tiago guernica home' action (requires 20) at time 91.004. The robot's battery would drop below 0.,Plan invalid due to insufficient battery for move action.,352.4104120731354
command-a:111b,4,Visitar 31 cuadros y explicar 31,full_response,S,N,N,"Battery level drops below 0 at action 91.004: (move tiago guernica home) [15.000].","Plan invalid: battery drops below zero, invalid painting location, and goal not met.",448.8253095149994
qwen3-vl:235b-instruct-cloud,1,Visitar 4 cuadros y explicar 8,full_response,S,N,N,"Battery level drops below 0.","Plan invalid due to battery depletion and unmet action conditions, preventing goal achievement.",8.085427045822144
qwen3-vl:235b-instruct-cloud,2,Visitar 4 cuadros y explicar 8,full_response,S,N,N,"Battery too low for (move tiago elgrito guernica). Requires 20, has 10.","The plan is invalid. Battery ran out, preventing further movement and explanations.",7.3405773639678955
qwen3-vl:235b-instruct-cloud,3,Visitar 4 cuadros y explicar 8,full_response,S,N,N,Action (move tiago elgrito guernica) at time 91.002 is invalid: Battery level (10) is less than required (20) for move action. Battery would drop below 0.,Plan invalid due to insufficient battery for move action.,8.437034845352173
qwen3-vl:235b-instruct-cloud,4,Visitar 4 cuadros y explicar 8,full_response,S,N,N,"Action `(move tiago elgrito guernica)` at 91.002 is invalid: Battery level (10) is insufficient for a move action (requires 20).","Plan invalid: insufficient battery for move action, goals unachieved.",8.127004623413086
qwen3-vl:235b-instruct-cloud,5,Visitar 4 cuadros y explicar 8,full_response,S,S,N,Action (move tiago elgrito guernica) at 91.002s: Battery (10) is insufficient (needs 20).",The plan is invalid due to multiple battery depletion issues, although all goals are met.",7.280421495437622
qwen3-vl:235b-instruct-cloud,6,Visitar 4 cuadros y explicar 8,full_response,S,N,N,"Battery level drops below 0 during action 8: (move tiago elgrito guernica). Current battery: 10, required: 20, resulting in -10.",Plan invalid. Battery drops below zero during a move action.,8.160061836242676
qwen3-vl:235b-instruct-cloud,7,Visitar 4 cuadros y explicar 8,full_response,S,N,N,"All goals are NOT achieved.","Plan invalid due to battery and location constraints, preventing goal achievement.",7.819562673568726
qwen3-vl:235b-instruct-cloud,8,Visitar 4 cuadros y explicar 8,full_response,S,N,N,"Battery level will drop below 0 ","Plan invalid due to insufficient battery, incorrect robot locations, and unachieved goals.",9.134083986282349
qwen3-vl:235b-instruct-cloud,9,Visitar 4 cuadros y explicar 8,full_response,S,N,N,"Battery level will drop below 0 ","Plan invalid due to insufficient battery, incorrect robot locations, and unachieved goals.",11.024256944656372
qwen3-vl:235b-instruct-cloud,10,Visitar 4 cuadros y explicar 8,full_response,S,N,N,"Action `(move tiago elgrito guernica)` at time 91.002 is invalid. The robot's battery level (10) is insufficient for a `move` action, which requires 20 battery units. Battery level would drop below 0 if this action were attempted.",Plan invalid: battery too low for move action before reaching all goals.,8.086956977844238
kimi-k2-thinking:cloud,1,Visitar 4 cuadros y explicar 8,full_response,S,S,S,None,The plan is valid. All constraints and goals are met.,246.17360520362854
kimi-k2-thinking:cloud,2,Visitar 4 cuadros y explicar 8,full_response,S,S,S,None,"The plan is valid. All constraints and goals are met, and battery is managed correctly.",123.94258332252502
kimi-k2-thinking:cloud,3,Visitar 4 cuadros y explicar 8,full_response,S,S,S,None,"The plan is valid. All actions are consistent with the domain and problem, battery levels are maintained above zero, all goals are achieved, and temporal constraints are respected. Recharging occurs at a valid charger location, and the plan format is correct.",179.79194331169128
kimi-k2-thinking:cloud,4,Visitar 4 cuadros y explicar 8,full_response,S,S,S,None,"Valid plan: all constraints met, goals achieved, and battery managed.",267.6420941352844
kimi-k2-thinking:cloud,5,Visitar 4 cuadros y explicar 8,full_response,S,S,S,None,"Plan valid: format, battery, actions, goals, temporal, and charger locations correct.",129.38127851486206
kimi-k2-thinking:cloud,6,Visitar 4 cuadros y explicar 8,full_response,S,S,S,None,"Plan valid: all actions consistent, battery maintained, goals achieved, temporal fine.",169.96286511421204
kimi-k2-thinking:cloud,7,Visitar 4 cuadros y explicar 8,full_response,S,S,S,None,"Plan is valid, battery managed, all goals achieved, and temporal consistency met.",164.56139588356018
kimi-k2-thinking:cloud,8,Visitar 4 cuadros y explicar 8,full_response,S,S,S,None,"Plan valid. All constraints met, goals achieved, and battery maintained.",271.56659269332886
kimi-k2-thinking:cloud,9,Visitar 4 cuadros y explicar 8,full_response,S,S,S,None,"The plan is valid. All actions are consistent with the domain and problem, battery levels are maintained above zero, all goals are achieved, and temporal constraints are respected. Recharging occurs at a valid charger location, and the plan format is correct.",159.0179579257965
kimi-k2-thinking:cloud,1,Visitar 31 cuadros y explicar 31,full_response,S,S,S,None,"The plan is valid. All actions are consistent, battery maintained, goals achieved, and temporal constraints respected.",273.7180919647217
kimi-k2-thinking:cloud,2,Visitar 31 cuadros y explicar 31,full_response,S,S,S,None,"Plan valid, all constraints met, 31 paintings explained.",308.3974058628082
kimi-k2-thinking:cloud,3,Visitar 31 cuadros y explicar 31,full_response,S,S,S,None,"Plan valid, all constraints met, 31 paintings explained.",239.1244135624878
kimi-k2-thinking:cloud,4,Visitar 31 cuadros y explicar 31,full_response,S,S,S,None,"Plan valid. Battery OK, actions correct, all goals achieved, temporal valid.",251.45794415473938
kimi-k2-thinking:cloud,5,Visitar 31 cuadros y explicar 31,full_response,S,S,S,None,"Plan valid, all constraints met, 31 paintings explained.",256.6221351623535
kimi-k2-thinking:cloud,6,Visitar 31 cuadros y explicar 31,full_response,S,S,S,,"The plan is valid. All actions are consistent, battery levels are maintained, goals are achieved, and temporal constraints are respected.",731.9736931324005
kimi-k2-thinking:cloud,7,Visitar 31 cuadros y explicar 31,full_response,S,S,S,,"The plan is valid. All actions are consistent, battery levels are maintained, goals are achieved, and temporal constraints are respected.",231.4868233203888
kimi-k2-thinking:cloud,8,Visitar 31 cuadros y explicar 31,full_response,S,S,S,None,"The plan is valid. All actions are consistent with the domain and problem, battery levels are maintained above zero, all goals are achieved, and temporal constraints are respected. Recharging occurs at a valid charger location, and the plan format is correct.",239.6888346672058
kimi-k2-thinking:cloud,9,Visitar 31 cuadros y explicar 31,full_response,S,S,S,None,"The plan is valid. All actions are consistent with the domain and problem, battery levels are maintained above zero, all goals are achieved, and temporal constraints are respected. Recharging occurs at a valid charger location, and the plan format is correct.",242.6142463684082
claude-sonnet-4-5,1,Visitar 31 cuadros y explicar 31,full_response,S,S,S,None,"Plan valid, all constraints met, 31 paintings explained.",242.6142463684082
claude-sonnet-4-5,2,Visitar 31 cuadros y explicar 31,full_response,S,S,S,None,"Plan valid, all constraints met, 31 paintings explained.",243.1341552734375
claude-sonnet-4-5,3,Visitar 31 cuadros y explicar 31,full_response,S,S,S,None,"Plan valid, all constraints met, 31 paintings explained.",233.98719787597656
claude-sonnet-4-5,4,Visitar 31 cuadros y explicar 31,full_response,S,N,N,Battery level drops below 0,"Plan invalid, all constraints met, 31 paintings explained.",251.623422412109375
claude-sonnet-4-5,5,Visitar 31 cuadros y explicar 31,full_response,S,N,N,Battery level drops below 0,"Plan invalid, all constraints met, 31 paintings explained.",240.5121307373047
claude-sonnet-4-5,6,Visitar 31 cuadros y explicar 31,full_response,S,N,N,Explains 2 times same painting,"Plan invalid, all constraints met, 31 paintings explained.",261.34519958496094
claude-sonnet-4-5,7,Visitar 31 cuadros y explicar 31,full_response,S,S,S,None,"Plan valid, all constraints met, 31 paintings explained.",234.99823978271484
claude-sonnet-4-5,8,Visitar 31 cuadros y explicar 31,full_response,S,S,S,None,"Plan valid, all constraints met, 31 paintings explained.",229.14566162109375
claude-sonnet-4-5,9,Visitar 31 cuadros y explicar 31,full_response,S,S,S,None,"Plan valid, all constraints met, 31 paintings explained.",241.23150634765625
claude-sonnet-4-5,10,Visitar 31 cuadros y explicar 31,full_response,S,S,S,None,"Plan valid, all constraints met, 31 paintings explained.",238.4561309814453
gpt-5-nano,1,Visitar 31 cuadros y explicar 31,full_response,S,N,N,"Battery level drops below 0 before action 1131.002: (move tiago campbells_soup_cans composition_viii) [15.000]. Current battery: 10, required: 20.",Plan invalid. Battery too low for a move action.,100.42757177352905
gpt-5-nano,2,Visitar 31 cuadros y explicar 31,full_response,S,N,N,The plan does not explain all 31 paintings as required by the goal. Only 6 paintings were explained.,"Plan incomplete; only 6 paintings explained, not 31.",62.12788414955139
gpt-5-nano,3,Visitar 31 cuadros y explicar 31,full_response,S,N,N,"The plan does not achieve the goal. Only 3 out of 31 paintings were explained (elgrito, guernica, las_meninas). The plan also re-explains ""guernica"" unnecessarily.","Plan invalid, goal not achieved, only 3 paintings explained.",54.13364863395691
gpt-5-nano,4,Visitar 31 cuadros y explicar 31,full_response,S,N,N,"The plan does not achieve the goal. Only 3 out of 31 paintings were explained (elgrito, guernica, las_meninas). The plan also re-explains ""guernica"" unnecessarily.","Plan invalid, goal not achieved, only 3 paintings explained.",52.94586467742928
gpt-5-nano,5,Visitar 31 cuadros y explicar 31,full_response,S,N,N,The plan does not achieve the stated goal. Only 8 out of 31 paintings were explained.,"Plan is invalid. Only 8 paintings explained, not 31 as required by goal.",42.74981427192688
gpt-4o-mini,1,Visitar 31 cuadros y explicar 31,full_response,S,N,N,"Battery error and not explained all paintings",Format valid. Goal not met. Errors found in plan execution.,33.275249004364014
gpt-4o-mini,2,Visitar 31 cuadros y explicar 31,full_response,S,N,N,"Battery error and not explained all paintings",Plan invalid: did not explain all 31 paintings as required.,21.749908447265625
gpt-4o-mini,3,Visitar 31 cuadros y explicar 31,full_response,S,N,N,"Battery error and not explained all paintings",Plan invalid: did not explain all 31 paintings as required.,23.149908447265625
gpt-4o-mini,4,Visitar 31 cuadros y explicar 31,full_response,S,N,N,"Battery error and not explained all paintings",Plan invalid: did not explain all 31 paintings as required.,27.345113940429687
gpt-4o-mini,5,Visitar 31 cuadros y explicar 31,full_response,S,N,N,"Battery error and not explained all paintings",Plan invalid: did not explain all 31 paintings as required.,31.549911499023438
DeepSeek-V3.2-Exp,1,Visitar 4 cuadros y explicar 8,full_response,S,N,N,Action failure at 91.004: move requires (>= (battery tiago) 20) but battery = 10. Subsequent actions cannot be executed; goals not achieved.,Tracked battery per action;,25.76952314376831
DeepSeek-V3.2-Exp,2,Visitar 4 cuadros y explicar 8,full_response,S,N,N,Action failure at 91.004: move requires (>= (battery tiago) 20) but battery = 10. Subsequent actions cannot be executed; goals not achieved.,Tracked battery per action; plan invalid due to insufficient battery at move 91.004.,29.054621934890747
DeepSeek-V3.2-Exp,3,Visitar 4 cuadros y explicar 8,full_response,S,N,N,"Battery level (10) is insufficient for `(move tiago maestro_aprendiz guernica)` action (requires 20) at timestamp `91.002`. The robot's battery dropped below 0.","Plan invalid: Robot ran out of battery, failed to complete actions and goals.",14.627971410751343
DeepSeek-V3.2-Exp,4,Visitar 4 cuadros y explicar 8,full_response,S,N,N,Action at 91.002: (move tiago guernica monalisa) is invalid. Battery level (10) is less than the required 20 for a move action.,Plan invalid: battery too low for move action before reaching all goals.,29.351882696151733
DeepSeek-V3.2-Exp,5,Visitar 4 cuadros y explicar 8,full_response,S,S,N,Action `move` at 91.004: Battery level (10) is insufficient for action (requires 20). ,Plan invalid due to critical battery depletion; robot battery drops below 0.,30.453044414520264
openai/gpt-oss-20b,1,Visitar 4 cuadros y explicar 8,full_response,S,S,S,,"Plan valid, all goals achieved",10.205698728561401
openai/gpt-oss-20b,2,Visitar 4 cuadros y explicar 8,"Plan fails battery and extra explanation",S,N,N,"Battery insufficient for move; extra explained painting","Plan fails battery and extra explanation",8.234
openai/gpt-oss-20b,3,Visitar 4 cuadros y explicar 8,"Plan fails due to extra explanation",S,S,N,"Extra explained_painting for nocheestrellada","Plan fails due to extra explanation",13.386
openai/gpt-oss-20b,4,Visitar 4 cuadros y explicar 8,"Extra explained painting invalidates plan",S,S,N,"Unrequired explained_painting action for nocheestrellada","Extra explained painting invalidates plan",12.587
openai/gpt-oss-20b,5,Visitar 4 cuadros y explicar 8,"Plan invalid due to extra explanation",S,N,N,"Extra explained_painting for nocheestrellada","Plan invalid due to extra explanation",7.749
openai/gpt-oss-20b,6,Visitar 4 cuadros y explicar 8,"Plan invalid due to extra explanation",S,N,N,"Extra explained_painting for nocheestrellada","Plan invalid due to extra explanation",9.123
qwen3-vl:235b-cloud,1,Visitar 4 cuadros y explicar 8,full_response,S,S,N,Extra visited locations not in goal,Invalid due to extra visited locations,257.68083906173706
qwen3-vl:235b-cloud,2,Visitar 4 cuadros y explicar 8,full_response,S,S,S,,"Plan valid, all goals met",204.13203024864197
qwen3-vl:235b-cloud,3,Visitar 4 cuadros y explicar 8,full_response,S,S,S,,"Plan valid, all goals met",215.54303121566772
glm-4.6:cloud,1,Visitar 31 cuadros y explicar 31,full_response,S,S,S,,"Plan valid, all goals met",36.67145538330078
glm-4.6:cloud,2,Visitar 31 cuadros y explicar 31,full_response,S,S,S,,"Plan valid, all goals achieved",26.74288010597229
glm-4.6:cloud,3,Visitar 31 cuadros y explicar 31,full_response,S,S,S,,"Plan valid, all goals achieved",32.9574921131134
glm-4.6:cloud,4,Visitar 31 cuadros y explicar 31,full_response,S,S,S,,"Plan valid, all goals achieved",28.368723392486572
glm-4.6:cloud,5,Visitar 31 cuadros y explicar 31,full_response,S,S,S,,"Plan valid, all goals met",27.03835964202881
glm-4.6:cloud,6,Visitar 31 cuadros y explicar 31,full_response,S,S,S,,"Plan valid, all goals met",53.028541564941406
glm-4.6:cloud,7,Visitar 31 cuadros y explicar 31,full_response,S,S,S,,"Plan valid, all goals met",36.125133991241455
glm-4.6:cloud,8,Visitar 31 cuadros y explicar 31,full_response,S,S,S,,"Plan valid, all goals met",55.495922803878784
glm-4.6:cloud,9,Visitar 31 cuadros y explicar 31,full_response,S,S,S,,"Plan valid, all goals met",40.99199199676514
glm-4.6:cloud,10,Visitar 31 cuadros y explicar 31,full_response,S,S,S,,"Plan valid, all goals achieved",47.05530524253845
qwen3-coder:480b-cloud,1,Visitar 31 cuadros y explicar 31,full_response,S,N,N,Battery insufficient for move at step 14; only 30 explanations,Plan invalid: battery and goal failures,22.142333507537842
qwen3-coder:480b-cloud,2,Visitar 31 cuadros y explicar 31,full_response,S,N,N,Battery insufficient at move; only 30 explained,Plan invalid: battery and goal not met,33.22177028656006
qwen3-coder:480b-cloud,3,Visitar 31 cuadros y explicar 31,full_response,S,N,N,Battery insufficient for move at 186.002; only 29 explanations,Plan fails battery and goal count,16.20067262649536
qwen3-coder:480b-cloud,4,Visitar 31 cuadros y explicar 31,full_response,S,N,N,Battery insufficient for move at step 14,Plan fails battery constraint and missing explanations,16.433963775634766
qwen3-coder:480b-cloud,5,Visitar 31 cuadros y explicar 31,full_response,S,N,N,Battery insufficient for move at step 14,Plan fails battery constraint and missing explanations,16.375984375
qwen3-coder:480b-cloud,1,Visitar 4 cuadros y explicar 8,full_response,S,N,N,Insufficient battery for move action at 91.002,Battery insufficient before move to monalisa,12.565009117126465
qwen3-coder:480b-cloud,2,Visitar 4 cuadros y explicar 8,full_response,S,N,N,Insufficient battery for move to monalisa,Plan fails battery constraint and format,5.668257713317871
qwen3-coder:480b-cloud,3,Visitar 4 cuadros y explicar 8,full_response,S,N,N,"Battery runs out before move to monalisa","Insufficient battery for move to monalisa",7.190
qwen3-coder:480b-cloud,4,Visitar 4 cuadros y explicar 8,full_response,S,N,N,"Battery insufficient at night painting","Battery drops below required for explain_painting",14.066
qwen3-coder:480b-cloud,5,Visitar 4 cuadros y explicar 8,full_response,S,N,N,"Invalid plan: battery drop and format error","Battery insufficient for move at 91.002",8.094
gpt-5,1,Visitar 31 cuadros y explicar 31,full_response,S,S,S,,"Plan valid, all goals satisfied",91.62238550186157
gpt-5,2,Visitar 31 cuadros y explicar 31,full_response,S,S,S,,"Plan valid, all goals met",85.53104519844055
gpt-5,3,Visitar 31 cuadros y explicar 31,full_response,S,S,S,,"Plan válido, batería siempre positiva",78.06774806976318
gpt-5,4,Visitar 31 cuadros y explicar 31,full_response,S,S,S,,"Plan valid, all goals achieved",74.98564434051514
gpt-5,5,Visitar 31 cuadros y explicar 31,full_response,S,S,S,,"Plan valid, all goals achieved",63.16795015335083
gpt-5,6,Visitar 31 cuadros y explicar 31,full_response,S,S,S,,"Plan valid, all goals met",100.10903835296631
gpt-5,7,Visitar 31 cuadros y explicar 31,full_response,S,S,S,,"Plan valid, all goals achieved",63.672770977020264
gpt-5,8,Visitar 31 cuadros y explicar 31,full_response,S,S,S,,"Plan valid, all goals met",57.895121335983276
gpt-5,9,Visitar 31 cuadros y explicar 31,full_response,S,S,S,,"Plan valid, all goals met",63.16795015335083
gpt-5,10,Visitar 31 cuadros y explicar 31,full_response,S,S,S,,"Plan valid, all goals met",54.23418211936951
gpt-4o,1,Visitar 31 cuadros y explicar 31,full_response,S,N,N,Battery insufficient for move at step 7 (only 10 left),Battery failure and goal not met,11.601476669311523
gpt-4o,2,Visitar 31 cuadros y explicar 31,full_response,N,N,N,Battery insufficient for move after guernica,Battery fails before final moves,11.721586227416992
gpt-4o,3,Visitar 31 cuadros y explicar 31,full_response,N,N,N,Plan incomplete; does not achieve 31 explanations and format incorrect,"Plan invalid, goal not met",4.406947135925293
gpt-4.1,1,Visitar 31 cuadros y explicar 31,full_response,N,N,N,Battery insufficient,"Plan invalid, Battery insufficient",40.40693713525293
gpt-4.1,2,Visitar 31 cuadros y explicar 31,full_response,S,S,S,,"Plan valid, all goals achieved",66.97875165939331
gpt-4.1,3,Visitar 31 cuadros y explicar 31,full_response,S,N,N,"Only 29 paintings explained, need 31","Battery ok, format ok, goal not met",67.76612424850464
gpt-4.1,4,Visitar 31 cuadros y explicar 31,full_response,S,N,N,Plan incomplete; not all 31 paintings explained,"Incomplete plan, missing explanations",30.526676416397095
gpt-4.1,1,Visitar 4 cuadros y explicar 8,full_response,S,S,S,,"Plan valid, all goals achieved",39.34821438789368
gpt-4.1,2,Visitar 4 cuadros y explicar 8,full_response,S,S,S,,"Plan valid, all goals achieved",53.12348387893684
gpt-4.1,3,Visitar 4 cuadros y explicar 8,full_response,S,N,N,Battery failed,"Plan invalid",41.45620345306396
gpt-4.1,4,Visitar 4 cuadros y explicar 8,full_response,S,S,S,,"Plan valid, all goals achieved",37.89214539527893
gpt-4.1,5,Visitar 4 cuadros y explicar 8,full_response,S,S,S,,"Plan valid, all goals achieved",46.21567893028259
gpt-4.1,6,Visitar 4 cuadros y explicar 8,full_response,S,S,S,,"Plan valid, all goals achieved",44.12345600128174
gpt-4o,1,Visitar 4 cuadros y explicar 8,full_response,S,N,N,Battery too low for move action at 91.007.,Plan invalid due to insufficient battery for move action.,3.933621883392334
gpt-4o,2,Visitar 4 cuadros y explicar 8,full_response,S,N,N,"Battery too low for move action at 91.006: (move tiago guernica home). Current battery: 10, required: 20.",Plan invalid: battery ran out before completing tasks.,11.76326036453247
gpt-4o,3,Visitar 4 cuadros y explicar 8,full_response,S,N,N,Battery level (10) is insufficient for move action (cost 20) at 91.007. Recharge should occur earlier.,Invalid plan: insufficient battery for move action.,4.6112306118011475
gpt-4o,4,Visitar 4 cuadros y explicar 8,full_response,N,N,N,Tool call ausente o con esquema inválido,Sin contenido de validación,3.7844252586364746
gpt-4o,5,Visitar 4 cuadros y explicar 8,full_response,S,N,N,"Action `(move tiago maestro_aprendiz guernica)` at 91.002 failed: Insufficient battery. Required 20, but only 10 available.",Plan invalid: battery ran out before completing all actions.,5.078686237335205
minimax-m2:230b,1,Visitar 31 cuadros y explicar 31,full_response,S,N,N,"Battery level drops below 0 ",Plan invalid due to battery dropping below zero before recharge.,30.123213
minimax-m2:230b,2,Visitar 31 cuadros y explicar 31,full_response,S,S,S,None,"Plan valid; all conditions met, battery fine, goals achieved.",232.98767823
minimax-m2:230b,3,Visitar 31 cuadros y explicar 31,full_response,S,N,N,"Battery level drops below 0 ",Plan invalid due to battery dropping below zero before recharge.,30.343
minimax-m2:230b,4,Visitar 31 cuadros y explicar 31,full_response,S,N,N,"Battery level drops below 0 ",Plan invalid due to battery dropping below zero before recharge.,36.911
minimax-m2:230b,5,Visitar 31 cuadros y explicar 31,full_response,S,S,S,None,"Plan valid; all conditions met, battery fine, goals achieved.",241.964
minimax-m2:230b,6,Visitar 31 cuadros y explicar 31,full_response,S,S,S,None,"Plan valid; all conditions met, battery fine, goals achieved.",210.365
minimax-m2:230b,7,Visitar 31 cuadros y explicar 31,full_response,S,S,S,None,"Plan valid; all conditions met, battery fine, goals achieved.",195.204
minimax-m2:230b,8,Visitar 31 cuadros y explicar 31,full_response,S,S,S,None,"Plan valid; all conditions met, battery fine, goals achieved.",215.192
minimax-m2:230b,9,Visitar 31 cuadros y explicar 31,full_response,S,S,S,None,"Plan valid; all conditions met, battery fine, goals achieved.",182.469
minimax-m2:230b,10,Visitar 31 cuadros y explicar 31,full_response,S,N,N,"Battery level drops below 0 ",Plan invalid due to battery dropping below zero before recharge.,43.565
